,,,,,,???????,????,????,????,????,????,????,????,????,????,????,????,????,????,????,????,????,????,????,????,????,????,????,????,????
,,,,,,,,???????,???????,???????,???????,???????,???????,???????,???????,???????,???????,???????,???????,???????,???????,???????,???????,???????,???????,???????,???????,???????,???????,???????
,,,,,,,,00_??,01_??(??????????),02_??????,03_??????,04_????????,05_????(????????),06_??,07_???,08_??????,09_???(??????),10_??,11_??,12_??????,13_?????,14_??,15_??,16_??????????,17_????????,18_??????,19_??????????,20_???????????,21_????????????,22_???
,,,,,,,(??),(??),(??),(??),(??),(??),(??),(??),(??),(??),(??),(??),(??),(??),(??),(??),(??),(??),(??),(??),(??),(??),(??),(??)
??,????,???????????????,Sex,Area classification,"Japan DIDs,Japan Non-DIDs", ,,,,,,,,,,,,,,,,,,,,,,,,
0_??,00_??,0_??,0_Both sexes,00_Japan,0_Total,"179,297","113,300","77,977","8,143","3,017","5,136","4,864","6,770","7,664","5,625","7,559","8,900",652,692,831,"14,334","9,814","12,430","6,089","11,346","8,934","13,667","46,821","16,672","7,176"
0_??,00_??,1_??????,0_Both sexes,00_Japan,1_DIDs,"94,731","80,361","56,798","5,927","1,956","3,444","3,613","5,161","5,902","4,398","5,558","6,612",479,486,413,"10,709","6,669","9,762","4,580","8,934","7,111","10,319","34,625","12,540","5,234"
0_??,00_??,2_????????,0_Both sexes,00_Japan,2_Non-DIDs,"84,566","32,939","21,180","2,217","1,061","1,692","1,251","1,609","1,762","1,227","2,001","2,288",174,206,418,"3,625","3,145","2,669","1,510","2,412","1,823","3,348","12,196","4,132","1,942"
0_??,01_???,0_??,0_Both sexes,01_Hokkaido,0_Total,"4,860","4,756","3,087",391,105,217,234,229,339,196,388,274,27,19,30,557,407,382,456,262,425,509,"1,765",711,344
0_??,01_???,1_??????,0_Both sexes,01_Hokkaido,1_DIDs,"3,602","3,758","2,491",328,89,165,198,192,285,176,325,226,23,13,18,464,327,322,370,224,379,419,"1,435",585,279
0_??,01_???,2_????????,0_Both sexes,01_Hokkaido,2_Non-DIDs,"1,258",998,597,64,16,52,36,37,54,20,62,48,4,6,11,93,80,60,86,38,45,90,331,125,65
0_??,02_???,0_??,0_Both sexes,02_Aomori-ken,0_Total,"3,472","1,152",645,76,23,50,56,50,52,35,75,39,5,6,5,107,103,70,58,59,57,117,395,129,42
0_??,02_???,1_??????,0_Both sexes,02_Aomori-ken,1_DIDs,"1,525",590,369,42,10,29,30,25,29,21,47,26,2,5,3,64,56,41,35,34,33,66,237,79,21
0_??,02_???,2_????????,0_Both sexes,02_Aomori-ken,2_Non-DIDs,"1,947",562,276,34,12,21,26,25,23,14,28,14,4,1,2,43,47,28,22,25,24,51,158,50,21
0_??,03_???,0_??,0_Both sexes,03_Iwate-ken,0_Total,"3,555","1,135",688,85,32,60,50,59,55,38,70,47,7,8,13,100,105,80,62,76,56,109,394,144,55
0_??,03_???,1_??????,0_Both sexes,03_Iwate-ken,1_DIDs,931,374,246,29,10,20,20,26,20,15,22,23,2,3,2,43,32,32,25,25,25,43,145,61,19
0_??,03_???,2_????????,0_Both sexes,03_Iwate-ken,2_Non-DIDs,"2,624",761,442,56,22,40,30,32,35,23,48,24,4,5,12,57,73,48,37,52,31,67,249,82,36
0_??,04_???,0_??,0_Both sexes,04_Miyagi-ken,0_Total,"3,586","2,091","1,388",160,46,118,89,126,158,74,180,127,9,15,13,233,186,209,96,146,113,224,838,312,126
0_??,04_???,1_??????,0_Both sexes,04_Miyagi-ken,1_DIDs,"2,162","1,453","1,010",114,31,88,68,99,123,62,137,96,5,12,7,174,127,175,73,120,83,175,630,227,91
0_??,04_???,2_????????,0_Both sexes,04_Miyagi-ken,2_Non-DIDs,"1,424",638,378,46,15,30,21,27,35,12,43,31,3,3,6,58,59,34,23,26,30,49,208,84,35
0_??,05_???,0_??,0_Both sexes,05_Akita-ken,0_Total,"3,743",906,549,68,13,40,38,31,43,29,50,46,6,5,10,66,68,54,56,61,43,87,327,109,44
0_??,05_???,1_??????,0_Both sexes,05_Akita-ken,1_DIDs,"1,178",343,222,26,6,14,14,14,15,12,19,20,3,4,4,26,24,25,23,27,23,36,138,45,19
0_??,05_???,2_????????,0_Both sexes,05_Akita-ken,2_Non-DIDs,"2,565",563,327,42,7,26,23,17,28,17,31,26,4,1,6,40,44,28,34,34,20,51,189,64,25
0_??,06_???,0_??,0_Both sexes,06_Yamagata-ken,0_Total,"4,040",992,611,64,33,51,45,55,62,25,60,51,6,5,6,109,108,81,72,77,56,101,333,122,56
0_??,06_???,1_??????,0_Both sexes,06_Yamagata-ken,1_DIDs,"1,624",470,314,32,17,22,21,33,34,15,32,27,3,2,3,60,52,51,39,46,34,53,179,67,30
0_??,06_???,2_????????,0_Both sexes,06_Yamagata-ken,2_Non-DIDs,"2,416",522,297,32,17,29,24,22,28,10,28,23,3,3,4,48,56,30,33,31,22,47,154,55,27
0_??,07_???,0_??,0_Both sexes,07_Fukushima-ken,0_Total,"3,743","1,708","1,077",98,90,97,65,78,98,63,112,112,8,10,13,182,110,139,87,158,121,163,615,211,65
0_??,07_???,1_??????,0_Both sexes,07_Fukushima-ken,1_DIDs,"1,360",769,508,47,38,42,39,45,53,43,54,52,4,5,3,97,58,77,41,81,67,87,280,105,36
0_??,07_???,2_????????,0_Both sexes,07_Fukushima-ken,2_Non-DIDs,"2,383",939,569,50,52,55,26,33,46,20,58,60,5,5,10,85,53,62,46,77,54,76,335,106,29
0_??,08_???,0_??,0_Both sexes,08_Ibaraki-ken,0_Total,"3,678","2,604","1,783",152,59,97,103,142,163,141,160,262,15,23,15,300,221,228,118,264,227,331,"1,125",378,130
0_??,08_???,1_??????,0_Both sexes,08_Ibaraki-ken,1_DIDs,"1,327","1,087",761,72,23,36,39,56,81,66,78,116,6,10,4,125,100,106,50,110,108,151,492,177,54
0_??,08_???,2_????????,0_Both sexes,08_Ibaraki-ken,2_Non-DIDs,"2,351","1,517","1,022",79,36,61,63,87,82,75,82,146,9,13,10,175,121,122,68,154,119,180,633,201,76
0_??,09_???,0_??,0_Both sexes,09_Tochigi-ken,0_Total,"3,516","1,759","1,219",121,56,71,63,109,120,79,127,154,11,11,11,224,133,168,100,187,143,209,734,242,103
0_??,09_???,1_??????,0_Both sexes,09_Tochigi-ken,1_DIDs,"1,411",830,587,53,27,36,32,48,65,37,64,82,4,3,3,108,60,85,48,94,73,96,356,116,55
0_??,09_???,2_????????,0_Both sexes,09_Tochigi-ken,2_Non-DIDs,"2,105",929,632,68,28,35,31,60,55,42,63,72,8,8,8,115,73,83,52,93,70,113,378,126,48
0_??,10_???,0_??,0_Both sexes,10_Gumma-ken,0_Total,"3,449","1,754","1,195",126,52,73,75,89,133,75,129,157,7,9,23,187,143,156,124,202,168,203,743,239,98
0_??,10_???,1_??????,0_Both sexes,10_Gumma-ken,1_DIDs,"1,298",717,491,51,16,21,26,38,58,29,51,62,2,5,7,86,54,71,40,84,80,87,316,102,37
0_??,10_???,2_????????,0_Both sexes,10_Gumma-ken,2_Non-DIDs,"2,151","1,037",704,76,36,53,49,51,75,47,79,95,5,4,16,100,89,85,84,118,88,115,427,137,61
0_??,11_???,0_??,0_Both sexes,11_Saitama-ken,0_Total,"5,965","6,555","4,761",480,198,228,325,441,526,347,505,594,58,39,40,802,447,831,422,845,561,913,"2,968","1,031",418
0_??,11_???,1_??????,0_Both sexes,11_Saitama-ken,1_DIDs,"4,658","5,423","3,940",399,153,189,281,377,453,299,417,501,52,35,34,671,370,728,348,725,468,789,"2,470",885,328
0_??,11_???,2_????????,0_Both sexes,11_Saitama-ken,2_Non-DIDs,"1,307","1,133",822,80,45,39,44,64,73,49,87,94,5,4,5,131,77,103,74,120,93,125,498,147,90
0_??,12_???,0_??,0_Both sexes,12_Chiba-ken,0_Total,"5,046","5,614","4,021",435,121,201,266,413,405,317,382,567,42,45,36,750,466,661,395,646,503,796,"2,465",858,399
0_??,12_???,1_??????,0_Both sexes,12_Chiba-ken,1_DIDs,"3,593","4,223","3,090",349,89,156,208,356,327,270,313,428,33,35,23,601,352,564,327,517,421,651,"1,920",693,299
0_??,12_???,2_????????,0_Both sexes,12_Chiba-ken,2_Non-DIDs,"1,453","1,391",932,86,32,45,57,57,78,46,69,140,9,9,13,149,115,97,68,129,83,145,545,165,100
0_??,13_???,0_??,0_Both sexes,13_Tokyo-to,0_Total,"4,836","12,346","9,348",841,212,426,494,824,"1,023",836,806,"1,166",57,75,51,"1,607",857,"1,949","1,030","1,853","1,455","1,861","5,867","2,041",868
0_??,13_???,1_??????,0_Both sexes,13_Tokyo-to,1_DIDs,"4,747","12,218","9,253",814,207,417,476,812,"1,003",826,783,"1,156",54,72,49,"1,587",833,"1,923","1,018","1,827","1,437","1,834","5,814","2,021",859
0_??,13_???,2_????????,0_Both sexes,13_Tokyo-to,2_Non-DIDs,89,128,94,27,5,10,18,12,20,9,23,10,3,3,2,21,24,26,12,26,19,27,52,20,9
0_??,14_????,0_??,0_Both sexes,14_Kanagawa-ken,0_Total,"5,351","8,216","5,946",678,114,313,429,659,665,526,636,667,56,42,24,"1,048",568,"1,184",481,"1,148",751,"1,093","3,692","1,414",538
0_??,14_????,1_??????,0_Both sexes,14_Kanagawa-ken,1_DIDs,"5,052","7,909","5,724",654,110,300,416,638,648,509,616,643,54,40,22,"1,004",530,"1,141",460,"1,124",736,"1,059","3,563","1,372",521
0_??,14_????,2_????????,0_Both sexes,14_Kanagawa-ken,2_Non-DIDs,299,307,222,24,4,13,12,21,17,17,20,25,2,2,2,44,38,43,22,24,15,34,129,41,16
0_??,15_???,0_??,0_Both sexes,15_Niigata-ken,0_Total,"3,774","2,044","1,279",131,32,80,90,89,94,67,146,112,6,8,11,232,177,188,155,192,114,224,723,288,108
0_??,15_???,1_??????,0_Both sexes,15_Niigata-ken,1_DIDs,"1,740","1,046",682,66,15,41,50,47,54,46,85,62,3,4,3,119,91,107,73,104,68,124,404,169,63
0_??,15_???,2_????????,0_Both sexes,15_Niigata-ken,2_Non-DIDs,"2,034",998,597,65,17,39,40,42,39,21,61,50,4,5,9,112,86,81,82,88,47,100,318,119,45
0_??,16_???,0_??,0_Both sexes,16_Toyama-ken,0_Total,"3,871",949,644,73,30,34,34,42,66,41,64,70,6,8,8,137,87,83,91,103,69,123,388,127,63
0_??,16_???,1_??????,0_Both sexes,16_Toyama-ken,1_DIDs,"1,428",382,272,30,12,13,13,15,26,18,21,31,1,4,2,57,31,34,28,45,30,51,179,54,25
0_??,16_???,2_????????,0_Both sexes,16_Toyama-ken,2_Non-DIDs,"2,443",567,372,43,18,21,21,27,41,22,43,39,5,5,6,80,56,49,62,58,39,72,209,72,39
0_??,17_???,0_??,0_Both sexes,17_Ishikawa-ken,0_Total,"3,472","1,016",702,74,38,46,45,61,77,47,76,69,9,7,14,152,100,109,70,74,74,122,413,168,60
0_??,17_???,1_??????,0_Both sexes,17_Ishikawa-ken,1_DIDs,"1,651",546,386,40,18,19,20,30,43,24,38,38,4,2,4,85,59,62,39,37,40,65,233,98,36
0_??,17_???,2_????????,0_Both sexes,17_Ishikawa-ken,2_Non-DIDs,"1,821",470,316,33,19,27,26,31,33,23,37,31,5,5,10,67,42,47,32,37,34,56,180,70,24
0_??,18_???,0_??,0_Both sexes,18_Fukui-ken,0_Total,"3,978",693,451,43,26,44,25,28,52,26,51,45,4,5,9,78,60,64,43,64,46,87,237,96,48
0_??,18_???,1_??????,0_Both sexes,18_Fukui-ken,1_DIDs,"1,712",328,213,18,10,18,13,12,27,12,22,23,2,2,2,34,27,31,18,32,26,40,115,45,22
0_??,18_???,2_????????,0_Both sexes,18_Fukui-ken,2_Non-DIDs,"2,266",365,238,25,17,26,13,16,25,14,29,22,2,2,6,44,33,34,25,31,20,48,121,52,25
0_??,19_???,0_??,0_Both sexes,19_Yamanashi-ken,0_Total,"3,297",744,507,47,28,31,26,43,40,29,53,69,4,5,13,77,56,67,41,73,44,79,290,100,53
0_??,19_???,1_??????,0_Both sexes,19_Yamanashi-ken,1_DIDs,924,243,173,14,7,7,9,17,14,13,16,20,0,2,2,25,14,23,12,27,20,26,101,32,20
0_??,19_???,2_????????,0_Both sexes,19_Yamanashi-ken,2_Non-DIDs,"2,373",500,335,34,20,24,17,26,26,16,37,48,4,3,11,52,41,44,29,47,25,53,189,68,33
0_??,20_???,0_??,0_Both sexes,20_Nagano-ken,0_Total,"3,791","1,861","1,267",120,83,114,68,87,92,78,119,155,3,11,31,222,127,188,182,200,103,184,723,243,137
0_??,20_???,1_??????,0_Both sexes,20_Nagano-ken,1_DIDs,"1,326",726,498,49,28,47,34,41,40,36,56,52,3,6,6,111,45,90,80,89,50,73,285,108,62
0_??,20_???,2_????????,0_Both sexes,20_Nagano-ken,2_Non-DIDs,"2,465","1,136",769,72,55,67,35,46,51,42,63,103,0,6,25,110,82,98,102,110,53,110,438,135,75
0_??,21_???,0_??,0_Both sexes,21_Gifu-ken,0_Total,"3,854","1,807","1,218",144,56,97,67,81,105,84,107,146,6,12,16,230,158,169,101,190,123,174,692,249,103
0_??,21_???,1_??????,0_Both sexes,21_Gifu-ken,1_DIDs,"1,474",753,510,69,29,34,31,37,50,38,42,55,1,5,4,98,59,76,44,100,54,80,296,109,39
0_??,21_???,2_????????,0_Both sexes,21_Gifu-ken,2_Non-DIDs,"2,380","1,054",708,74,27,64,35,44,55,46,66,91,5,7,12,133,99,94,58,90,69,94,396,140,64
0_??,22_???,0_??,0_Both sexes,22_Shizuoka-ken,0_Total,"3,827","3,294","2,247",200,76,130,131,223,190,164,170,221,23,16,22,381,277,337,131,278,229,357,"1,368",461,221
0_??,22_???,1_??????,0_Both sexes,22_Shizuoka-ken,1_DIDs,"2,266","2,063","1,432",134,45,81,87,137,119,109,114,149,18,12,15,263,167,209,85,201,158,231,871,306,149
0_??,22_???,2_????????,0_Both sexes,22_Shizuoka-ken,2_Non-DIDs,"1,561","1,231",815,67,31,49,44,85,71,55,56,72,4,3,7,117,110,128,47,77,71,125,497,154,72
0_??,23_???,0_??,0_Both sexes,23_Aichi-ken,0_Total,"6,208","6,687","4,760",541,231,306,328,449,536,354,474,602,41,40,51,"1,100",603,890,381,589,532,883,"2,767","1,055",460
0_??,23_???,1_??????,0_Both sexes,23_Aichi-ken,1_DIDs,"4,749","5,408","3,899",461,194,254,278,377,460,291,393,487,33,33,37,909,477,739,316,497,444,731,"2,286",879,369
0_??,23_???,2_????????,0_Both sexes,23_Aichi-ken,2_Non-DIDs,"1,459","1,279",861,79,37,52,51,71,77,63,80,115,7,7,14,190,126,152,65,92,88,151,481,176,92
0_??,24_???,0_??,0_Both sexes,24_Mie-ken,0_Total,"3,538","1,614","1,079",115,59,89,66,87,111,91,102,136,12,7,12,222,146,146,68,124,87,171,614,235,94
0_??,24_???,1_??????,0_Both sexes,24_Mie-ken,1_DIDs,"1,480",716,506,49,25,43,25,38,56,50,38,64,8,4,4,93,60,69,32,61,44,82,275,113,43
0_??,24_???,2_????????,0_Both sexes,24_Mie-ken,2_Non-DIDs,"2,058",897,573,66,34,45,41,49,54,41,64,72,4,2,8,129,86,78,36,63,43,89,339,121,50
0_??,25_???,0_??,0_Both sexes,25_Shiga-ken,0_Total,"3,566","1,253",897,114,35,68,59,84,88,65,107,96,12,8,18,199,128,160,79,121,110,162,530,194,102
0_??,25_???,1_??????,0_Both sexes,25_Shiga-ken,1_DIDs,"1,623",679,501,72,21,38,37,55,59,41,68,47,7,2,7,118,73,101,50,70,68,103,308,116,52
0_??,25_???,2_????????,0_Both sexes,25_Shiga-ken,2_Non-DIDs,"1,943",574,397,43,13,29,23,30,29,24,39,49,5,7,11,81,55,59,29,51,42,59,222,78,50
0_??,26_???,0_??,0_Both sexes,26_Kyoto-fu,0_Total,"3,115","2,338","1,638",166,80,109,93,127,142,125,152,150,17,10,24,322,196,268,97,258,213,271,968,319,154
0_??,26_???,1_??????,0_Both sexes,26_Kyoto-fu,1_DIDs,"2,568","2,041","1,451",148,68,93,80,115,126,114,130,130,14,9,14,290,166,249,84,230,199,247,880,280,133
0_??,26_???,2_????????,0_Both sexes,26_Kyoto-fu,2_Non-DIDs,547,297,187,18,12,15,12,12,16,11,21,20,3,2,10,32,30,18,13,28,14,24,88,39,21
0_??,27_???,0_??,0_Both sexes,27_Osaka-fu,0_Total,"5,197","7,923","5,302",525,149,303,358,478,532,379,449,605,38,54,28,"1,048",700,821,324,935,626,943,"3,128","1,110",428
0_??,27_???,1_??????,0_Both sexes,27_Osaka-fu,1_DIDs,"4,952","7,682","5,147",511,146,295,351,471,512,375,441,592,38,51,25,"1,018",671,791,310,909,607,917,"3,039","1,080",418
0_??,27_???,2_????????,0_Both sexes,27_Osaka-fu,2_Non-DIDs,245,241,155,14,4,8,6,7,20,4,7,13,-,3,3,30,29,30,14,26,18,26,88,30,10
0_??,28_???,0_??,0_Both sexes,28_Hyogo-ken,0_Total,"4,940","4,935","3,432",342,129,228,202,300,335,248,300,478,28,31,38,606,515,579,266,600,384,543,"2,073",730,348
0_??,28_???,1_??????,0_Both sexes,28_Hyogo-ken,1_DIDs,"3,699","3,935","2,786",270,97,175,171,246,277,214,243,396,22,24,19,487,407,500,223,515,352,442,"1,712",609,290
0_??,28_???,2_????????,0_Both sexes,28_Hyogo-ken,2_Non-DIDs,"1,241",999,646,72,31,53,31,55,58,35,56,82,6,7,19,118,107,78,43,85,31,100,362,121,57
0_??,29_???,0_??,0_Both sexes,29_Nara-ken,0_Total,"3,458","1,217",846,91,30,47,48,69,66,69,86,104,7,10,9,144,103,156,44,160,83,131,506,173,72
0_??,29_???,1_??????,0_Both sexes,29_Nara-ken,1_DIDs,"2,294",825,602,66,20,32,30,45,48,50,65,74,4,6,5,96,65,109,30,113,61,89,371,120,49
0_??,29_???,2_????????,0_Both sexes,29_Nara-ken,2_Non-DIDs,"1,164",392,244,25,10,15,18,24,17,19,21,30,3,5,4,48,38,47,13,48,22,42,135,52,23
0_??,30_????,0_??,0_Both sexes,30_Wakayama-ken,0_Total,"3,280",852,542,48,24,36,22,33,41,39,39,55,8,6,5,81,96,70,17,41,41,77,324,101,45
0_??,30_????,1_??????,0_Both sexes,30_Wakayama-ken,1_DIDs,"1,172",325,207,16,9,10,9,12,13,12,12,22,3,1,0,27,31,24,6,13,20,29,136,41,20
0_??,30_????,2_????????,0_Both sexes,30_Wakayama-ken,2_Non-DIDs,"2,108",526,335,32,16,26,13,21,28,27,26,33,5,4,4,54,66,46,11,29,21,48,188,61,25
0_??,31_???,0_??,0_Both sexes,31_Tottori-ken,0_Total,"3,452",501,326,38,15,31,23,25,32,18,36,28,3,4,7,54,50,41,21,37,31,51,185,64,33
0_??,31_???,1_??????,0_Both sexes,31_Tottori-ken,1_DIDs,"1,073",188,128,14,5,11,10,8,12,8,16,11,1,2,1,24,19,17,8,15,15,21,75,25,13
0_??,31_???,2_????????,0_Both sexes,31_Tottori-ken,2_Non-DIDs,"2,379",312,199,24,10,21,13,17,20,9,21,17,2,1,6,30,31,24,13,22,15,30,110,39,20
0_??,32_???,0_??,0_Both sexes,32_Shimane-ken,0_Total,"3,710",607,385,45,17,41,28,30,37,27,38,30,3,4,10,67,71,43,20,36,29,61,214,76,40
0_??,32_???,1_??????,0_Both sexes,32_Shimane-ken,1_DIDs,825,169,112,14,4,8,10,9,13,8,11,10,1,0,1,21,19,15,7,13,11,19,61,26,12
0_??,32_???,2_????????,0_Both sexes,32_Shimane-ken,2_Non-DIDs,"2,885",438,273,32,13,33,19,22,24,19,27,20,2,4,9,46,52,28,13,23,18,42,153,50,28
0_??,33_???,0_??,0_Both sexes,33_Okayama-ken,0_Total,"3,323","1,694","1,131",130,66,83,61,110,103,81,121,133,7,10,9,214,171,145,71,118,120,173,652,243,111
0_??,33_???,1_??????,0_Both sexes,33_Okayama-ken,1_DIDs,"1,415",829,575,66,38,45,33,54,55,45,59,70,3,2,1,114,87,72,31,67,69,93,329,131,60
0_??,33_???,2_????????,0_Both sexes,33_Okayama-ken,2_Non-DIDs,"1,908",865,556,64,28,38,29,56,48,36,63,63,4,7,7,100,84,73,40,52,51,81,323,112,51
0_??,34_???,0_??,0_Both sexes,34_Hiroshima-ken,0_Total,"3,472","2,507","1,668",207,85,128,92,141,156,120,170,192,12,17,21,313,293,233,85,171,177,242,965,340,159
0_??,34_???,1_??????,0_Both sexes,34_Hiroshima-ken,1_DIDs,"2,101","1,658","1,144",146,58,89,69,110,116,94,122,140,7,12,10,236,206,162,53,123,142,175,661,244,101
0_??,34_???,2_????????,0_Both sexes,34_Hiroshima-ken,2_Non-DIDs,"1,371",850,524,61,27,39,23,30,40,26,48,53,5,5,11,76,87,71,32,48,35,66,304,96,59
0_??,35_???,0_??,0_Both sexes,35_Yamaguchi-ken,0_Total,"3,257","1,231",810,80,40,72,46,65,73,55,74,91,8,6,4,142,143,106,33,81,80,147,501,160,64
0_??,35_???,1_??????,0_Both sexes,35_Yamaguchi-ken,1_DIDs,"1,598",651,429,43,20,41,27,35,42,31,46,45,5,4,2,79,66,59,18,50,49,81,270,88,31
0_??,35_???,2_????????,0_Both sexes,35_Yamaguchi-ken,2_Non-DIDs,"1,659",580,382,37,21,31,19,30,32,23,28,45,3,2,3,64,77,47,16,31,31,66,231,72,33
0_??,36_???,0_??,0_Both sexes,36_Tokushima-ken,0_Total,"3,212",664,434,45,19,34,25,32,37,29,42,41,2,4,2,76,65,52,17,38,45,66,281,88,30
0_??,36_???,1_??????,0_Both sexes,36_Tokushima-ken,1_DIDs,945,242,166,15,7,12,9,13,14,11,14,17,0,1,0,37,24,27,8,16,19,28,111,37,11
0_??,36_???,2_????????,0_Both sexes,36_Tokushima-ken,2_Non-DIDs,"2,267",422,268,29,12,22,16,18,22,17,28,24,2,3,1,39,41,25,9,23,25,38,170,51,18
0_??,37_???,0_??,0_Both sexes,37_Kagawa-ken,0_Total,"3,445",861,568,53,29,42,27,42,50,32,59,56,4,5,4,90,82,82,23,59,56,77,351,121,50
0_??,37_???,1_??????,0_Both sexes,37_Kagawa-ken,1_DIDs,"1,012",291,201,19,8,12,9,16,18,16,24,20,1,1,1,38,31,38,8,24,22,29,121,44,19
0_??,37_???,2_????????,0_Both sexes,37_Kagawa-ken,2_Non-DIDs,"2,433",570,366,34,20,30,18,26,31,16,35,36,2,4,3,52,51,45,15,35,34,48,229,77,31
0_??,38_???,0_??,0_Both sexes,38_Ehime-ken,0_Total,"2,981","1,220",815,67,48,82,46,55,69,54,66,59,5,11,12,120,117,110,26,60,78,122,507,170,56
0_??,38_???,1_??????,0_Both sexes,38_Ehime-ken,1_DIDs,"1,604",712,496,44,26,43,29,36,52,36,43,38,3,6,5,89,68,72,20,41,58,79,312,109,37
0_??,38_???,2_????????,0_Both sexes,38_Ehime-ken,2_Non-DIDs,"1,377",508,318,24,23,39,17,19,17,18,22,21,2,5,7,31,49,38,6,20,20,43,195,61,20
0_??,39_???,0_??,0_Both sexes,39_Kochi-ken,0_Total,"3,064",637,399,30,14,29,19,24,30,17,31,36,2,3,1,60,73,53,10,29,28,60,232,70,28
0_??,39_???,1_??????,0_Both sexes,39_Kochi-ken,1_DIDs,"1,299",295,201,19,6,14,12,14,16,11,15,25,1,2,0,36,35,31,6,16,16,31,112,42,15
0_??,39_???,2_????????,0_Both sexes,39_Kochi-ken,2_Non-DIDs,"1,765",342,198,11,8,15,7,10,14,6,15,11,0,1,1,24,39,22,3,13,12,29,120,28,12
0_??,40_???,0_??,0_Both sexes,40_Fukuoka-ken,0_Total,"4,388","4,481","2,948",332,135,216,158,218,226,177,246,322,20,31,36,658,366,378,65,340,334,481,"1,807",618,288
0_??,40_???,1_??????,0_Both sexes,40_Fukuoka-ken,1_DIDs,"3,093","3,393","2,283",246,99,180,119,164,185,134,202,243,18,21,20,515,271,308,53,277,274,386,"1,422",470,233
0_??,40_???,2_????????,0_Both sexes,40_Fukuoka-ken,2_Non-DIDs,"1,295","1,088",665,86,36,36,39,53,41,43,45,79,2,9,16,144,95,70,12,62,60,96,384,148,55
0_??,41_???,0_??,0_Both sexes,41_Saga-ken,0_Total,"3,719",721,457,50,33,47,27,43,38,29,45,43,4,6,9,85,77,55,8,32,46,81,265,97,44
0_??,41_???,1_??????,0_Both sexes,41_Saga-ken,1_DIDs,958,233,155,13,11,12,11,18,16,12,16,15,1,1,2,23,18,27,3,11,23,28,95,34,17
0_??,41_???,2_????????,0_Both sexes,41_Saga-ken,2_Non-DIDs,"2,761",487,302,36,22,35,16,25,22,17,29,27,3,5,7,62,59,28,5,22,23,53,169,63,27
0_??,42_???,0_??,0_Both sexes,42_Nagasaki-ken,0_Total,"3,490","1,191",767,65,51,85,47,45,63,45,75,53,6,7,17,130,152,98,10,64,45,129,426,163,71
0_??,42_???,1_??????,0_Both sexes,42_Nagasaki-ken,1_DIDs,"1,575",589,391,33,18,35,24,23,33,25,35,31,2,3,7,71,66,55,4,39,23,64,230,91,35
0_??,42_???,2_????????,0_Both sexes,42_Nagasaki-ken,2_Non-DIDs,"1,915",602,376,32,33,51,23,22,30,20,41,22,4,5,11,59,87,43,6,25,22,65,197,73,37
0_??,43_???,0_??,0_Both sexes,43_Kumamoto-ken,0_Total,"3,176","1,548","1,033",111,48,99,50,93,75,56,95,91,12,6,26,197,186,134,16,86,89,183,611,208,111
0_??,43_???,1_??????,0_Both sexes,43_Kumamoto-ken,1_DIDs,"1,429",816,570,66,23,55,23,59,54,35,58,49,10,4,7,120,92,84,12,59,63,109,353,125,62
0_??,43_???,2_????????,0_Both sexes,43_Kumamoto-ken,2_Non-DIDs,"1,747",732,462,45,25,44,27,34,22,21,36,42,2,2,18,77,94,51,5,27,26,74,258,83,50
0_??,44_???,0_??,0_Both sexes,44_Oita-ken,0_Total,"3,272","1,016",683,79,36,68,43,61,70,41,66,84,7,6,13,131,113,91,18,58,50,119,420,158,69
0_??,44_???,1_??????,0_Both sexes,44_Oita-ken,1_DIDs,"1,510",517,356,33,14,29,24,32,39,21,36,49,4,2,5,76,56,53,10,32,27,65,223,83,32
0_??,44_???,2_????????,0_Both sexes,44_Oita-ken,2_Non-DIDs,"1,762",499,327,46,22,38,19,29,31,20,30,35,3,3,8,55,57,38,8,26,23,55,197,75,37
0_??,45_???,0_??,0_Both sexes,45_Miyazaki-ken,0_Total,"3,098",955,616,59,24,82,33,45,43,48,52,74,6,5,10,109,103,66,7,49,47,105,362,126,60
0_??,45_???,1_??????,0_Both sexes,45_Miyazaki-ken,1_DIDs,"1,364",462,305,22,9,33,14,22,26,24,26,38,3,2,3,56,42,31,3,23,22,46,191,66,22
0_??,45_???,2_????????,0_Both sexes,45_Miyazaki-ken,2_Non-DIDs,"1,734",493,311,37,15,49,18,23,16,24,27,35,3,2,8,53,61,35,4,26,25,58,171,60,39
0_??,46_????,0_??,0_Both sexes,46_Kagoshima-ken,0_Total,"3,167","1,424",971,84,65,110,61,76,91,61,95,105,7,11,34,145,162,128,8,66,69,155,565,168,99
0_??,46_????,1_??????,0_Both sexes,46_Kagoshima-ken,1_DIDs,"1,287",610,442,37,22,38,30,37,44,33,41,49,4,6,5,67,68,66,5,31,33,77,271,83,43
0_??,46_????,2_????????,0_Both sexes,46_Kagoshima-ken,2_Non-DIDs,"1,880",814,529,47,42,72,32,39,47,28,54,56,3,5,29,78,94,62,3,36,36,77,293,85,56
0_??,47_???,0_??,0_Both sexes,47_Okinawa-ken,0_Total,"3,065","1,231",836,121,32,81,82,80,65,50,74,85,8,6,19,241,137,127,3,34,51,168,475,212,81
0_??,47_???,1_??????,0_Both sexes,47_Okinawa-ken,1_DIDs,"2,117",843,575,77,18,52,54,55,48,31,51,62,6,4,12,166,83,91,3,20,33,111,321,147,55
0_??,47_???,2_????????,0_Both sexes,47_Okinawa-ken,2_Non-DIDs,948,387,260,44,14,29,28,25,16,19,23,23,1,2,8,75,53,36,0,14,18,57,154,65,26
1_?,00_??,0_??,1_Male,00_Japan,0_Total,"85,299","55,207","40,576","6,573","2,325","2,258","3,061","5,431","4,184","3,132","3,441","7,455",517,510,470,"8,327","7,542","6,466","3,701","5,908","5,513","8,826","20,810","9,055","3,209"
1_?,00_??,1_??????,1_Male,00_Japan,1_DIDs,"44,813","39,188","29,466","4,723","1,464","1,510","2,267","4,115","3,264","2,427","2,555","5,502",383,361,238,"6,250","5,007","5,060","2,738","4,615","4,339","6,666","15,459","6,839","2,264"
1_?,00_??,2_????????,1_Male,00_Japan,2_Non-DIDs,"40,486","16,019","11,110","1,851",861,748,795,"1,316",920,705,886,"1,953",135,149,232,"2,077","2,534","1,407",963,"1,294","1,173","2,160","5,351","2,216",945
1_?,01_???,0_??,1_Male,01_Hokkaido,0_Total,"2,252","2,239","1,580",286,67,103,160,187,201,105,199,233,20,15,20,327,302,188,278,158,255,297,738,390,171
1_?,01_???,1_??????,1_Male,01_Hokkaido,1_DIDs,"1,664","1,770","1,271",236,54,77,135,155,178,94,170,195,16,10,12,276,232,163,223,140,226,243,598,322,136
1_?,01_???,2_????????,1_Male,01_Hokkaido,2_Non-DIDs,588,468,309,50,13,26,25,31,23,11,29,38,4,4,8,51,70,25,54,18,29,54,140,68,36
1_?,02_???,0_??,1_Male,02_Aomori-ken,0_Total,"1,589",540,336,65,13,26,38,41,28,23,37,31,5,4,3,62,75,33,40,31,35,76,178,73,21
1_?,02_???,1_??????,1_Male,02_Aomori-ken,1_DIDs,687,273,192,34,6,13,20,20,15,14,20,19,2,3,2,37,39,20,26,18,18,43,108,48,10
1_?,02_???,2_????????,1_Male,02_Aomori-ken,2_Non-DIDs,902,268,144,31,7,13,18,21,13,9,17,11,3,1,1,24,35,13,14,13,17,33,70,25,11
1_?,03_???,0_??,1_Male,03_Iwate-ken,0_Total,"1,704",548,356,68,20,30,31,48,26,20,34,40,5,4,7,54,82,39,43,42,34,70,174,77,27
1_?,03_???,1_??????,1_Male,03_Iwate-ken,1_DIDs,451,185,132,24,7,13,15,23,12,8,13,20,2,2,1,25,25,16,19,12,16,33,69,37,9
1_?,03_???,2_????????,1_Male,03_Iwate-ken,2_Non-DIDs,"1,253",363,224,43,13,17,15,25,14,12,21,20,3,2,6,29,57,23,24,30,19,38,105,41,17
1_?,04_???,0_??,1_Male,04_Miyagi-ken,0_Total,"1,712","1,023",734,129,35,53,59,102,92,48,89,107,7,10,8,141,150,108,68,82,67,144,373,174,67
1_?,04_???,1_??????,1_Male,04_Miyagi-ken,1_DIDs,"1,016",705,532,91,22,40,43,80,73,40,69,77,4,7,4,104,103,91,51,68,49,113,282,128,47
1_?,04_???,2_????????,1_Male,04_Miyagi-ken,2_Non-DIDs,696,318,203,38,13,13,16,22,19,8,20,29,3,3,5,37,46,17,17,14,17,31,91,46,20
1_?,05_???,0_??,1_Male,05_Akita-ken,0_Total,"1,748",427,281,56,9,13,22,22,21,18,22,36,4,4,5,39,55,28,36,32,30,53,142,60,24
1_?,05_???,1_??????,1_Male,05_Akita-ken,1_DIDs,542,160,114,22,4,4,9,11,8,7,9,16,1,4,2,17,19,14,14,15,15,23,62,24,11
1_?,05_???,2_????????,1_Male,05_Akita-ken,2_Non-DIDs,"1,206",267,168,35,5,9,13,12,13,11,13,21,3,1,4,21,37,14,22,17,15,30,80,36,13
1_?,06_???,0_??,1_Male,06_Yamagata-ken,0_Total,"1,951",478,327,51,28,26,26,44,34,15,27,44,5,3,4,65,84,43,47,39,36,64,146,64,30
1_?,06_???,1_??????,1_Male,06_Yamagata-ken,1_DIDs,791,228,167,25,16,13,13,29,19,10,15,24,2,2,1,37,39,27,25,24,23,36,81,33,15
1_?,06_???,2_????????,1_Male,06_Yamagata-ken,2_Non-DIDs,"1,160",250,159,25,12,13,12,16,16,6,12,20,3,1,2,28,45,16,22,15,13,28,66,31,15
1_?,07_???,0_??,1_Male,07_Fukushima-ken,0_Total,"1,808",848,567,75,75,39,41,67,50,39,51,96,6,7,9,113,91,78,59,82,80,94,271,109,34
1_?,07_???,1_??????,1_Male,07_Fukushima-ken,1_DIDs,667,392,277,39,33,17,26,40,24,27,27,46,3,3,2,62,46,47,27,42,46,49,126,58,22
1_?,07_???,2_????????,1_Male,07_Fukushima-ken,2_Non-DIDs,"1,141",456,290,37,42,21,15,27,26,12,25,51,3,3,7,51,45,31,32,40,34,44,145,51,13
1_?,08_???,0_??,1_Male,08_Ibaraki-ken,0_Total,"1,817","1,301",949,124,46,40,60,120,92,82,66,222,12,18,6,169,182,108,72,130,143,221,520,200,63
1_?,08_???,1_??????,1_Male,08_Ibaraki-ken,1_DIDs,652,549,408,56,16,16,24,49,51,38,36,97,6,9,1,75,83,55,30,59,72,107,236,98,25
1_?,08_???,2_????????,1_Male,08_Ibaraki-ken,2_Non-DIDs,"1,165",751,542,68,30,24,36,71,41,45,30,125,6,9,6,94,99,53,43,71,71,114,283,102,39
1_?,09_???,0_??,1_Male,09_Tochigi-ken,0_Total,"1,727",876,644,97,46,32,42,89,58,45,52,128,8,7,5,132,110,97,66,97,92,137,325,128,42
1_?,09_???,1_??????,1_Male,09_Tochigi-ken,1_DIDs,692,413,308,39,25,17,24,38,32,21,30,66,1,2,2,65,48,46,31,51,50,65,159,62,22
1_?,09_???,2_????????,1_Male,09_Tochigi-ken,2_Non-DIDs,"1,035",463,335,57,21,15,18,52,26,24,22,62,6,6,3,68,62,50,34,46,42,72,166,66,20
1_?,10_???,0_??,1_Male,10_Gumma-ken,0_Total,"1,663",868,624,107,41,35,53,72,74,49,64,130,6,8,12,113,108,79,81,106,121,130,336,132,45
1_?,10_???,1_??????,1_Male,10_Gumma-ken,1_DIDs,619,353,257,42,14,11,19,30,34,19,27,50,2,5,4,52,38,37,28,42,56,57,142,53,19
1_?,10_???,2_????????,1_Male,10_Gumma-ken,2_Non-DIDs,"1,044",515,367,65,27,24,34,43,40,30,37,80,4,2,8,61,70,42,53,63,64,73,193,79,26
1_?,11_???,0_??,1_Male,11_Saitama-ken,0_Total,"2,920","3,280","2,504",409,155,104,210,360,302,192,238,523,52,28,24,489,335,451,253,433,359,630,"1,375",602,153
1_?,11_???,1_??????,1_Male,11_Saitama-ken,1_DIDs,"2,265","2,713","2,094",339,118,88,183,307,263,167,202,445,48,27,22,414,275,396,210,373,303,548,"1,161",519,119
1_?,11_???,2_????????,1_Male,11_Saitama-ken,2_Non-DIDs,655,567,410,70,37,16,26,53,38,25,36,78,3,1,2,76,60,55,43,61,56,83,215,83,34
1_?,12_???,0_??,1_Male,12_Chiba-ken,0_Total,"2,474","2,795","2,119",350,85,86,165,307,216,180,179,475,33,37,20,441,361,343,263,338,323,515,"1,111",476,167
1_?,12_???,1_??????,1_Male,12_Chiba-ken,1_DIDs,"1,776","2,111","1,617",275,60,68,128,262,174,150,147,360,27,28,14,353,264,289,222,270,264,410,868,384,121
1_?,12_???,2_????????,1_Male,12_Chiba-ken,2_Non-DIDs,698,684,502,75,26,18,37,45,42,30,32,114,7,8,6,88,97,54,41,68,59,105,243,92,46
1_?,13_???,0_??,1_Male,13_Tokyo-to,0_Total,"2,296","6,093","4,785",686,150,187,296,671,587,443,349,929,45,57,31,920,605,984,553,892,834,"1,177","2,627","1,113",323
1_?,13_???,1_??????,1_Male,13_Tokyo-to,1_DIDs,"2,252","6,027","4,730",667,146,182,289,662,574,440,335,921,43,54,29,908,587,966,546,877,823,"1,161","2,599","1,102",318
1_?,13_???,2_????????,1_Male,13_Tokyo-to,2_Non-DIDs,44,66,55,19,4,5,8,9,14,3,14,9,1,3,2,12,18,18,7,15,11,16,27,11,5
1_?,14_????,0_??,1_Male,14_Kanagawa-ken,0_Total,"2,590","4,111","3,156",520,87,128,281,513,370,296,318,542,46,25,15,633,420,588,283,620,478,718,"1,697",780,259
1_?,14_????,1_??????,1_Male,14_Kanagawa-ken,1_DIDs,"2,442","3,951","3,038",498,83,121,271,496,362,285,310,523,45,24,14,611,394,567,267,606,470,696,"1,639",757,254
1_?,14_????,2_????????,1_Male,14_Kanagawa-ken,2_Non-DIDs,148,160,118,22,4,7,10,17,8,11,8,19,1,1,2,22,27,21,16,14,9,22,58,23,5
1_?,15_???,0_??,1_Male,15_Niigata-ken,0_Total,"1,816",993,663,110,26,36,63,75,49,44,67,96,6,4,8,128,148,100,94,102,69,151,310,149,44
1_?,15_???,1_??????,1_Male,15_Niigata-ken,1_DIDs,832,509,352,57,14,18,35,42,28,30,43,57,3,1,2,70,74,57,46,55,38,88,172,91,30
1_?,15_???,2_????????,1_Male,15_Niigata-ken,2_Non-DIDs,984,485,311,53,12,18,28,33,21,14,25,39,3,3,6,57,74,42,49,47,31,63,137,57,14
1_?,16_???,0_??,1_Male,16_Toyama-ken,0_Total,"1,854",461,337,58,23,15,22,35,32,22,30,58,4,6,5,75,72,45,59,56,43,78,172,75,30
1_?,16_???,1_??????,1_Male,16_Toyama-ken,1_DIDs,670,182,139,23,9,4,8,13,11,11,11,24,1,3,1,31,26,18,19,24,19,31,78,32,13
1_?,16_???,2_????????,1_Male,16_Toyama-ken,2_Non-DIDs,"1,184",278,198,35,14,11,14,21,21,11,19,34,3,3,4,45,45,27,39,32,24,46,94,43,16
1_?,17_???,0_??,1_Male,17_Ishikawa-ken,0_Total,"1,642",494,368,60,30,21,28,47,41,30,32,59,6,4,10,88,81,57,45,42,46,77,181,87,31
1_?,17_???,1_??????,1_Male,17_Ishikawa-ken,1_DIDs,795,271,206,32,14,8,13,25,25,16,17,32,3,2,3,51,47,32,26,22,25,47,106,50,18
1_?,17_???,2_????????,1_Male,17_Ishikawa-ken,2_Non-DIDs,847,223,162,28,16,13,15,22,16,13,15,27,3,3,7,37,34,25,19,20,21,31,75,37,12
1_?,18_???,0_??,1_Male,18_Fukui-ken,0_Total,"1,895",337,236,35,22,19,16,23,27,15,23,37,2,3,5,48,46,33,28,34,29,55,106,48,19
1_?,18_???,1_??????,1_Male,18_Fukui-ken,1_DIDs,817,159,111,14,7,9,8,9,13,7,10,17,1,2,2,21,21,16,11,16,16,24,51,22,9
1_?,18_???,2_????????,1_Male,18_Fukui-ken,2_Non-DIDs,"1,078",178,125,20,14,11,8,14,13,8,13,20,1,1,3,26,25,17,17,17,13,31,55,27,10
1_?,19_???,0_??,1_Male,19_Yamanashi-ken,0_Total,"1,627",365,266,36,24,13,13,36,21,16,22,60,2,3,9,42,43,34,27,37,29,52,128,55,27
1_?,19_???,1_??????,1_Male,19_Yamanashi-ken,1_DIDs,454,120,90,10,7,2,6,14,7,7,6,19,0,1,1,13,9,10,9,12,14,16,43,16,12
1_?,19_???,2_????????,1_Male,19_Yamanashi-ken,2_Non-DIDs,"1,173",245,176,26,18,11,8,21,14,9,16,41,2,2,7,29,33,23,18,25,15,36,85,38,15
1_?,20_???,0_??,1_Male,20_Nagano-ken,0_Total,"1,813",909,663,102,72,52,44,72,50,47,52,132,3,8,19,125,98,99,115,109,70,111,315,122,67
1_?,20_???,1_??????,1_Male,20_Nagano-ken,1_DIDs,628,352,259,41,23,22,20,35,22,23,25,44,3,5,4,59,37,52,48,47,31,43,121,53,27
1_?,20_???,2_????????,1_Male,20_Nagano-ken,2_Non-DIDs,"1,185",557,404,61,49,29,24,38,29,24,27,87,0,3,15,66,61,48,66,62,38,68,194,69,39
1_?,21_???,0_??,1_Male,21_Gifu-ken,0_Total,"1,831",876,642,117,41,46,39,66,56,48,45,122,5,9,7,135,124,93,69,105,80,111,314,139,53
1_?,21_???,1_??????,1_Male,21_Gifu-ken,1_DIDs,685,361,261,59,20,14,19,30,27,21,16,45,1,3,3,57,46,40,29,53,36,50,130,64,20
1_?,21_???,2_????????,1_Male,21_Gifu-ken,2_Non-DIDs,"1,146",515,381,59,21,32,20,36,28,28,29,77,5,6,4,78,79,52,40,51,44,61,183,75,33
1_?,22_???,0_??,1_Male,22_Shizuoka-ken,0_Total,"1,845","1,624","1,176",164,60,60,89,187,100,90,69,186,20,14,13,216,216,177,84,148,149,245,632,257,104
1_?,22_???,1_??????,1_Male,22_Shizuoka-ken,1_DIDs,"1,091","1,016",751,105,32,38,57,114,67,60,47,124,16,11,8,148,135,109,53,106,101,157,408,168,71
1_?,22_???,2_????????,1_Male,22_Shizuoka-ken,2_Non-DIDs,754,608,426,59,28,21,32,72,33,29,21,62,4,3,5,68,81,68,31,42,48,88,224,90,33
1_?,23_???,0_??,1_Male,23_Aichi-ken,0_Total,"3,014","3,352","2,528",433,175,128,201,364,269,201,204,493,37,28,31,627,454,491,230,309,328,582,"1,230",578,225
1_?,23_???,1_??????,1_Male,23_Aichi-ken,1_DIDs,"2,305","2,709","2,061",365,148,112,165,305,232,159,166,395,30,23,24,514,358,406,189,259,272,474,"1,007",481,172
1_?,23_???,2_????????,1_Male,23_Aichi-ken,2_Non-DIDs,709,643,467,68,26,16,35,59,37,42,37,98,7,5,7,112,97,86,41,50,55,108,224,96,53
1_?,24_???,0_??,1_Male,24_Mie-ken,0_Total,"1,725",788,570,96,46,45,42,71,61,48,48,116,9,6,6,129,121,73,46,67,57,111,281,134,40
1_?,24_???,1_??????,1_Male,24_Mie-ken,1_DIDs,737,358,275,42,21,22,16,30,31,28,14,53,6,4,3,54,51,36,24,30,27,55,131,65,18
1_?,24_???,2_????????,1_Male,24_Mie-ken,2_Non-DIDs,988,430,295,54,25,23,26,41,30,20,34,63,3,2,3,75,70,37,23,37,29,56,150,69,21
1_?,25_???,0_??,1_Male,25_Shiga-ken,0_Total,"1,722",619,475,91,26,27,41,69,49,35,39,81,10,8,10,121,101,82,49,60,66,113,240,107,53
1_?,25_???,1_??????,1_Male,25_Shiga-ken,1_DIDs,768,335,259,57,16,14,26,45,33,21,24,40,6,2,3,72,55,52,31,32,37,73,139,64,27
1_?,25_???,2_????????,1_Male,25_Shiga-ken,2_Non-DIDs,954,283,217,34,10,12,14,25,16,13,14,41,4,6,7,49,46,30,18,28,29,40,100,43,25
1_?,26_???,0_??,1_Male,26_Kyoto-fu,0_Total,"1,473","1,117",827,130,56,42,58,98,63,66,54,123,12,8,14,177,138,151,58,124,128,173,418,152,65
1_?,26_???,1_??????,1_Male,26_Kyoto-fu,1_DIDs,"1,202",970,726,115,48,36,49,89,55,61,44,105,10,7,9,155,115,139,48,108,119,160,378,133,56
1_?,26_???,2_????????,1_Male,26_Kyoto-fu,2_Non-DIDs,271,147,101,15,9,6,9,9,7,5,10,18,2,1,5,22,24,12,10,15,9,12,41,19,9
1_?,27_???,0_??,1_Male,27_Osaka-fu,0_Total,"2,432","3,813","2,744",414,109,126,212,381,293,200,206,500,30,43,13,585,530,427,173,484,373,594,"1,401",602,158
1_?,27_???,1_??????,1_Male,27_Osaka-fu,1_DIDs,"2,319","3,702","2,665",401,105,125,209,374,282,199,204,489,30,40,10,569,507,409,165,471,362,581,"1,366",581,155
1_?,27_???,2_????????,1_Male,27_Osaka-fu,2_Non-DIDs,113,110,79,13,4,1,3,7,10,1,2,10,-,3,2,16,23,18,8,13,11,13,35,20,3
1_?,28_???,0_??,1_Male,28_Hyogo-ken,0_Total,"2,357","2,351","1,773",272,99,96,132,223,174,142,142,403,21,23,19,363,381,300,173,320,245,346,906,392,148
1_?,28_???,1_??????,1_Male,28_Hyogo-ken,1_DIDs,"1,760","1,877","1,447",212,73,74,110,181,143,117,114,337,15,16,8,304,295,266,145,271,225,281,758,332,118
1_?,28_???,2_????????,1_Male,28_Hyogo-ken,2_Non-DIDs,597,475,325,60,26,22,22,42,31,25,28,66,6,7,11,59,86,34,27,49,19,65,148,59,30
1_?,29_???,0_??,1_Male,29_Nara-ken,0_Total,"1,617",574,429,73,23,16,31,55,33,34,32,87,6,8,6,85,82,84,24,78,48,88,212,90,31
1_?,29_???,1_??????,1_Male,29_Nara-ken,1_DIDs,"1,054",382,296,50,15,9,17,33,24,22,24,61,3,4,3,54,51,50,15,49,34,56,152,61,19
1_?,29_???,2_????????,1_Male,29_Nara-ken,2_Non-DIDs,563,192,132,23,8,8,14,22,9,12,8,26,3,5,3,31,31,34,9,28,14,32,60,29,12
1_?,30_????,0_??,1_Male,30_Wakayama-ken,0_Total,"1,530",402,277,41,19,13,14,29,21,20,15,47,6,5,2,48,82,37,11,22,25,47,137,55,18
1_?,30_????,1_??????,1_Male,30_Wakayama-ken,1_DIDs,533,149,104,13,7,3,6,11,7,7,5,18,2,1,-,18,25,13,4,6,14,18,58,21,6
1_?,30_????,2_????????,1_Male,30_Wakayama-ken,2_Non-DIDs,997,253,174,28,12,10,8,17,14,13,10,29,3,4,2,30,57,24,7,16,12,29,79,34,12
1_?,31_???,0_??,1_Male,31_Tottori-ken,0_Total,"1,649",239,171,32,12,17,16,22,18,11,19,24,2,2,4,30,39,20,14,22,20,36,85,33,17
1_?,31_???,1_??????,1_Male,31_Tottori-ken,1_DIDs,495,87,65,12,3,7,7,7,8,6,8,9,0,1,0,13,13,8,5,8,10,15,35,13,7
1_?,31_???,2_????????,1_Male,31_Tottori-ken,2_Non-DIDs,"1,154",152,106,20,8,10,9,15,11,5,11,15,2,1,3,17,25,12,9,14,11,21,50,20,10
1_?,32_???,0_??,1_Male,32_Shimane-ken,0_Total,"1,757",292,208,40,15,21,18,25,25,16,17,27,3,3,6,41,58,25,14,19,21,43,98,41,21
1_?,32_???,1_??????,1_Male,32_Shimane-ken,1_DIDs,395,82,62,12,3,5,6,8,9,5,5,8,1,0,0,13,15,9,5,6,7,14,28,14,5
1_?,32_???,2_????????,1_Male,32_Shimane-ken,2_Non-DIDs,"1,362",209,146,28,12,16,12,18,16,11,12,18,2,3,6,28,43,16,9,13,14,29,69,28,16
1_?,33_???,0_??,1_Male,33_Okayama-ken,0_Total,"1,560",815,582,110,54,44,44,87,62,49,63,121,4,8,5,128,135,79,42,65,76,114,291,135,41
1_?,33_???,1_??????,1_Male,33_Okayama-ken,1_DIDs,652,389,290,57,31,24,24,43,33,29,34,62,3,2,1,69,69,38,18,33,46,62,149,76,17
1_?,33_???,2_????????,1_Male,33_Okayama-ken,2_Non-DIDs,908,426,292,54,23,20,19,44,29,21,29,59,1,5,4,59,66,41,23,32,31,53,143,59,24
1_?,34_???,0_??,1_Male,34_Hiroshima-ken,0_Total,"1,608","1,215",883,177,73,60,64,116,85,67,82,166,10,12,13,185,234,130,58,100,109,159,428,182,74
1_?,34_???,1_??????,1_Male,34_Hiroshima-ken,1_DIDs,976,810,606,125,50,43,48,92,66,54,61,121,6,10,6,141,164,90,38,72,89,115,287,135,41
1_?,34_???,2_????????,1_Male,34_Hiroshima-ken,2_Non-DIDs,632,405,277,52,23,17,16,25,18,13,21,45,4,2,7,44,70,40,20,29,20,44,140,47,32
1_?,35_???,0_??,1_Male,35_Yamaguchi-ken,0_Total,"1,499",585,421,63,34,29,25,52,37,32,29,80,4,3,3,74,111,60,21,41,53,94,221,85,31
1_?,35_???,1_??????,1_Male,35_Yamaguchi-ken,1_DIDs,726,310,219,31,15,16,14,26,20,18,18,39,3,1,2,39,51,35,10,25,31,51,118,45,14
1_?,35_???,2_????????,1_Male,35_Yamaguchi-ken,2_Non-DIDs,773,275,202,32,19,13,11,25,17,13,11,41,1,2,1,35,61,25,11,16,22,43,104,40,17
1_?,36_???,0_??,1_Male,36_Tokushima-ken,0_Total,"1,561",317,223,34,16,15,15,23,19,15,19,36,2,3,1,42,55,25,11,22,29,42,123,49,12
1_?,36_???,1_??????,1_Male,36_Tokushima-ken,1_DIDs,454,115,85,11,6,6,6,10,7,6,6,16,0,1,0,21,21,13,4,9,13,17,48,19,5
1_?,36_???,2_????????,1_Male,36_Tokushima-ken,2_Non-DIDs,"1,107",202,138,22,10,9,9,13,12,8,12,20,1,2,0,22,34,12,7,13,16,25,75,29,7
1_?,37_???,0_??,1_Male,37_Kagawa-ken,0_Total,"1,617",418,297,43,24,18,15,31,24,17,27,50,3,3,2,54,66,42,16,29,33,47,154,60,23
1_?,37_???,1_??????,1_Male,37_Kagawa-ken,1_DIDs,465,137,101,16,7,4,5,11,8,7,10,17,1,0,1,22,23,18,6,12,13,18,52,22,9
1_?,37_???,2_????????,1_Male,37_Kagawa-ken,2_Non-DIDs,"1,152",281,196,27,17,14,11,21,16,9,17,33,2,3,1,32,43,23,10,17,20,30,102,37,13
1_?,38_???,0_??,1_Male,38_Ehime-ken,0_Total,"1,380",578,417,56,38,30,24,41,35,29,29,51,3,8,6,69,94,54,15,31,50,76,227,89,31
1_?,38_???,1_??????,1_Male,38_Ehime-ken,1_DIDs,734,335,252,35,21,16,15,26,25,19,20,32,1,5,3,53,53,36,12,20,36,51,141,55,19
1_?,38_???,2_????????,1_Male,38_Ehime-ken,2_Non-DIDs,646,243,166,21,17,13,9,15,10,10,9,19,2,3,2,16,40,18,2,11,14,26,86,34,12
1_?,39_???,0_??,1_Male,39_Kochi-ken,0_Total,"1,408",301,202,25,12,12,14,21,16,10,12,33,1,2,1,37,58,26,7,14,16,38,95,34,11
1_?,39_???,1_??????,1_Male,39_Kochi-ken,1_DIDs,596,141,104,16,5,6,9,12,9,7,5,22,1,1,0,22,26,16,5,8,9,21,46,22,6
1_?,39_???,2_????????,1_Male,39_Kochi-ken,2_Non-DIDs,812,160,99,9,8,6,5,9,7,3,7,10,0,1,1,15,32,11,2,7,7,17,49,13,5
1_?,40_???,0_??,1_Male,40_Fukuoka-ken,0_Total,"2,033","2,116","1,481",267,110,95,96,182,138,95,112,277,16,28,17,387,282,200,38,187,186,308,756,325,151
1_?,40_???,1_??????,1_Male,40_Fukuoka-ken,1_DIDs,"1,430","1,600","1,134",193,76,76,68,132,113,65,90,207,15,21,10,309,200,160,29,155,155,239,599,251,119
1_?,40_???,2_????????,1_Male,40_Fukuoka-ken,2_Non-DIDs,603,516,347,75,34,19,28,50,26,30,22,69,1,7,7,78,81,40,9,32,30,69,157,74,32
1_?,41_???,0_??,1_Male,41_Saga-ken,0_Total,"1,758",341,232,39,26,17,14,32,17,15,16,35,3,4,5,47,60,30,5,19,29,51,109,51,22
1_?,41_???,1_??????,1_Male,41_Saga-ken,1_DIDs,453,110,77,10,7,4,5,13,7,4,5,12,0,1,1,13,14,12,2,6,14,18,40,17,8
1_?,41_???,2_????????,1_Male,41_Saga-ken,2_Non-DIDs,"1,305",231,155,30,20,13,9,19,10,11,11,23,2,4,4,35,45,18,3,13,15,33,69,34,13
1_?,42_???,0_??,1_Male,42_Nagasaki-ken,0_Total,"1,614",557,393,56,42,38,29,38,36,24,35,45,4,4,8,71,124,52,6,32,31,83,184,92,35
1_?,42_???,1_??????,1_Male,42_Nagasaki-ken,1_DIDs,708,268,194,28,15,14,14,19,20,14,15,27,2,1,3,40,53,29,3,19,16,44,100,51,15
1_?,42_???,2_????????,1_Male,42_Nagasaki-ken,2_Non-DIDs,906,289,199,28,27,24,15,19,16,10,20,18,2,3,4,31,71,24,3,13,15,40,84,41,20
1_?,43_???,0_??,1_Male,43_Kumamoto-ken,0_Total,"1,465",730,525,94,40,53,26,81,43,32,48,81,10,3,14,112,142,68,10,41,54,115,261,102,51
1_?,43_???,1_??????,1_Male,43_Kumamoto-ken,1_DIDs,666,388,285,56,17,32,14,53,33,20,33,43,8,3,4,70,67,40,7,27,37,72,151,59,28
1_?,43_???,2_????????,1_Male,43_Kumamoto-ken,2_Non-DIDs,799,341,240,39,23,21,12,28,10,11,16,37,2,-,9,42,74,28,3,14,17,44,110,43,24
1_?,44_???,0_??,1_Male,44_Oita-ken,0_Total,"1,545",482,350,66,29,33,24,46,37,23,30,74,5,4,7,73,87,47,9,31,30,80,180,85,34
1_?,44_???,1_??????,1_Male,44_Oita-ken,1_DIDs,702,241,179,28,11,16,13,25,21,12,14,43,3,1,2,42,42,26,5,17,14,42,96,44,14
1_?,44_???,2_????????,1_Male,44_Oita-ken,2_Non-DIDs,843,240,172,39,18,17,11,21,16,11,16,31,2,3,5,31,46,21,5,14,17,38,85,40,20
1_?,45_???,0_??,1_Male,45_Miyazaki-ken,0_Total,"1,456",450,314,46,19,35,19,35,21,26,23,62,5,3,5,62,81,31,3,22,30,66,148,67,33
1_?,45_???,1_??????,1_Male,45_Miyazaki-ken,1_DIDs,608,207,150,18,7,12,6,16,11,12,7,33,2,2,1,30,34,15,1,10,11,27,76,33,13
1_?,45_???,2_????????,1_Male,45_Miyazaki-ken,2_Non-DIDs,848,243,164,29,11,23,13,19,10,14,16,29,3,2,4,32,48,17,2,12,19,39,72,34,21
1_?,46_????,0_??,1_Male,46_Kagoshima-ken,0_Total,"1,472",669,492,69,50,42,32,58,47,32,42,87,4,8,16,82,126,68,6,37,43,101,242,85,46
1_?,46_????,1_??????,1_Male,46_Kagoshima-ken,1_DIDs,586,280,219,30,17,13,16,28,22,19,20,38,2,4,3,36,48,33,4,17,18,51,117,42,18
1_?,46_????,2_????????,1_Male,46_Kagoshima-ken,2_Non-DIDs,886,388,272,39,33,29,16,30,25,13,22,49,2,4,13,46,78,35,2,20,25,50,125,43,28
1_?,47_???,0_??,1_Male,47_Okinawa-ken,0_Total,"1,473",603,446,103,23,42,57,66,38,29,33,72,6,6,12,143,110,63,1,16,32,111,215,120,35
1_?,47_???,1_??????,1_Male,47_Okinawa-ken,1_DIDs,"1,001",405,306,64,11,24,34,43,26,20,21,52,5,4,8,91,67,45,1,9,21,70,148,80,24
1_?,47_???,2_????????,1_Male,47_Okinawa-ken,2_Non-DIDs,472,199,140,39,12,18,23,23,12,9,11,20,1,2,4,51,43,17,0,7,12,41,67,40,11
2_?,00_??,0_??,2_Female,00_Japan,0_Total,"93,998","58,093","37,401","1,570",692,"2,877","1,803","1,339","3,479","2,493","4,119","1,445",135,182,361,"6,007","2,272","5,964","2,388","5,438","3,422","4,842","26,010","7,617","3,968"
2_?,00_??,1_??????,2_Female,00_Japan,1_DIDs,"49,918","41,173","27,331","1,204",492,"1,934","1,346","1,046","2,638","1,971","3,004","1,110",96,124,175,"4,460","1,662","4,702","1,842","4,320","2,772","3,653","19,166","5,701","2,971"
2_?,00_??,2_????????,2_Female,00_Japan,2_Non-DIDs,"44,080","16,920","10,070",366,201,943,457,293,841,522,"1,115",335,39,57,186,"1,548",611,"1,262",546,"1,118",650,"1,188","6,844","1,916",997
2_?,01_???,0_??,2_Female,01_Hokkaido,0_Total,"2,608","2,518","1,507",106,38,114,74,42,139,91,189,41,7,4,10,230,105,194,178,104,170,212,"1,027",321,173
2_?,01_???,1_??????,2_Female,01_Hokkaido,1_DIDs,"1,938","1,988","1,220",92,35,88,63,37,107,82,155,31,7,3,6,188,94,159,147,84,154,175,837,263,144
2_?,01_???,2_????????,2_Female,01_Hokkaido,2_Non-DIDs,670,530,288,14,3,27,11,6,31,9,33,10,-,2,3,42,10,35,31,20,16,36,190,58,29
2_?,02_???,0_??,2_Female,02_Aomori-ken,0_Total,"1,883",611,310,12,10,23,18,9,24,12,38,9,1,2,2,46,28,37,18,27,22,41,217,56,21
2_?,02_???,1_??????,2_Female,02_Aomori-ken,1_DIDs,838,317,177,8,4,16,11,5,13,7,26,6,-,1,1,27,16,22,10,16,15,23,129,31,11
2_?,02_???,2_????????,2_Female,02_Aomori-ken,2_Non-DIDs,"1,045",294,133,4,6,8,8,4,11,4,12,2,1,1,1,19,12,15,8,12,7,18,88,25,10
2_?,03_???,0_??,2_Female,03_Iwate-ken,0_Total,"1,851",587,331,17,12,30,20,11,29,18,36,7,2,4,6,46,23,41,19,34,21,39,220,66,28
2_?,03_???,1_??????,2_Female,03_Iwate-ken,1_DIDs,480,189,113,4,3,7,5,4,9,7,9,3,1,1,1,18,7,16,6,12,9,10,76,24,10
2_?,03_???,2_????????,2_Female,03_Iwate-ken,2_Non-DIDs,"1,371",399,218,13,9,22,15,7,21,11,27,4,1,3,5,28,16,25,13,22,12,29,144,42,19
2_?,04_???,0_??,2_Female,04_Miyagi-ken,0_Total,"1,874","1,068",654,31,11,65,30,24,66,26,90,21,2,5,5,92,36,101,28,63,47,80,465,138,59
2_?,04_???,1_??????,2_Female,04_Miyagi-ken,1_DIDs,"1,146",748,479,23,10,48,25,19,50,22,67,19,1,5,3,70,24,84,22,51,34,62,348,99,44
2_?,04_???,2_????????,2_Female,04_Miyagi-ken,2_Non-DIDs,728,320,175,8,1,16,5,4,16,4,23,2,1,-,2,22,12,16,6,12,13,18,118,39,15
2_?,05_???,0_??,2_Female,05_Akita-ken,0_Total,"1,995",479,268,12,4,27,15,8,22,11,28,9,2,1,5,28,13,26,20,28,14,34,184,49,20
2_?,05_???,1_??????,2_Female,05_Akita-ken,1_DIDs,636,183,108,4,2,10,5,3,7,5,11,4,1,1,2,9,6,12,9,12,8,13,76,21,8
2_?,05_???,2_????????,2_Female,05_Akita-ken,2_Non-DIDs,"1,359",296,159,7,1,17,10,5,15,6,17,5,1,0,2,19,7,15,11,16,5,21,108,28,12
2_?,06_???,0_??,2_Female,06_Yamagata-ken,0_Total,"2,089",513,284,13,5,25,19,11,28,10,32,7,1,2,3,43,24,38,25,39,21,36,186,59,27
2_?,06_???,1_??????,2_Female,06_Yamagata-ken,1_DIDs,833,242,146,6,1,9,8,4,15,6,17,4,1,1,1,24,13,24,14,22,12,17,98,35,15
2_?,06_???,2_????????,2_Female,06_Yamagata-ken,2_Non-DIDs,"1,256",272,138,7,4,16,12,6,13,4,16,3,1,1,1,20,11,14,11,17,9,19,88,24,12
2_?,07_???,0_??,2_Female,07_Fukushima-ken,0_Total,"1,935",860,510,22,16,58,24,11,48,24,61,15,3,4,4,70,20,61,28,76,42,70,345,102,31
2_?,07_???,1_??????,2_Female,07_Fukushima-ken,1_DIDs,693,377,231,8,5,25,13,5,29,16,27,6,1,2,1,35,11,30,14,39,21,38,154,47,14
2_?,07_???,2_????????,2_Female,07_Fukushima-ken,2_Non-DIDs,"1,242",483,279,14,10,34,11,6,20,8,34,10,2,2,3,35,8,31,14,37,21,32,191,55,16
2_?,08_???,0_??,2_Female,08_Ibaraki-ken,0_Total,"1,861","1,303",833,27,12,57,42,22,72,59,94,40,3,5,8,131,39,119,46,134,84,110,605,178,67
2_?,08_???,1_??????,2_Female,08_Ibaraki-ken,1_DIDs,675,537,353,17,7,19,15,6,31,28,42,19,1,1,4,50,17,51,20,50,36,43,255,79,30
2_?,08_???,2_????????,2_Female,08_Ibaraki-ken,2_Non-DIDs,"1,186",766,480,11,6,37,27,16,41,31,52,21,3,4,5,81,22,69,25,84,48,67,350,99,37
2_?,09_???,0_??,2_Female,09_Tochigi-ken,0_Total,"1,789",883,575,24,10,40,21,19,62,34,75,25,4,4,6,91,23,71,34,90,51,72,409,114,61
2_?,09_???,1_??????,2_Female,09_Tochigi-ken,1_DIDs,719,417,279,13,2,19,8,11,33,16,34,15,2,1,1,44,12,38,17,43,23,31,197,54,33
2_?,09_???,2_????????,2_Female,09_Tochigi-ken,2_Non-DIDs,"1,070",466,296,11,8,20,13,9,29,18,41,10,2,2,5,48,11,33,17,47,28,42,212,60,28
2_?,10_???,0_??,2_Female,10_Gumma-ken,0_Total,"1,786",886,571,19,10,39,23,16,59,26,65,27,1,2,11,74,36,77,42,96,47,73,408,107,53
2_?,10_???,1_??????,2_Female,10_Gumma-ken,1_DIDs,679,364,234,9,1,10,7,8,24,10,24,12,-,-,3,35,17,34,12,42,24,31,174,49,18
2_?,10_???,2_????????,2_Female,10_Gumma-ken,2_Non-DIDs,"1,107",522,337,10,9,29,15,8,35,16,42,15,1,2,8,39,19,43,31,55,23,42,234,58,35
2_?,11_???,0_??,2_Female,11_Saitama-ken,0_Total,"3,045","3,275","2,257",70,43,124,115,80,224,155,266,71,6,11,15,313,112,381,169,412,202,283,"1,593",429,265
2_?,11_???,1_??????,2_Female,11_Saitama-ken,1_DIDs,"2,393","2,709","1,845",60,35,101,97,70,189,131,216,56,4,7,12,257,95,332,138,352,165,241,"1,310",366,209
2_?,11_???,2_????????,2_Female,11_Saitama-ken,2_Non-DIDs,652,566,412,10,9,23,18,11,35,24,51,15,2,4,3,56,17,48,31,59,37,42,284,63,56
2_?,12_???,0_??,2_Female,12_Chiba-ken,0_Total,"2,572","2,819","1,903",85,35,114,101,106,189,137,203,93,9,8,16,308,105,318,132,307,180,281,"1,354",382,232
2_?,12_???,1_??????,2_Female,12_Chiba-ken,1_DIDs,"1,817","2,112","1,473",74,29,88,80,94,153,120,166,67,7,7,9,248,88,275,105,247,157,240,"1,052",310,178
2_?,12_???,2_????????,2_Female,12_Chiba-ken,2_Non-DIDs,755,707,429,11,6,27,21,11,36,16,37,25,2,1,7,61,17,43,27,60,23,40,302,73,54
2_?,13_???,0_??,2_Female,13_Tokyo-to,0_Total,"2,540","6,253","4,562",155,63,240,198,153,435,393,457,236,12,18,20,687,252,965,478,961,621,684,"3,240",928,545
2_?,13_???,1_??????,2_Female,13_Tokyo-to,1_DIDs,"2,495","6,191","4,523",147,61,235,187,150,429,386,448,235,10,18,20,678,246,957,472,950,614,673,"3,215",919,541
2_?,13_???,2_????????,2_Female,13_Tokyo-to,2_Non-DIDs,45,62,39,8,1,5,11,3,6,6,9,1,2,-,-,8,5,8,5,11,8,11,25,9,5
2_?,14_????,0_??,2_Female,14_Kanagawa-ken,0_Total,"2,761","4,105","2,790",158,27,186,147,146,295,230,318,125,10,17,9,415,148,596,199,528,273,375,"1,995",634,278
2_?,14_????,1_??????,2_Female,14_Kanagawa-ken,1_DIDs,"2,610","3,958","2,685",156,27,179,146,142,286,224,306,120,9,16,9,393,137,574,193,518,267,362,"1,924",615,267
2_?,14_????,2_????????,2_Female,14_Kanagawa-ken,2_Non-DIDs,151,148,105,2,-,7,2,4,9,7,12,5,1,1,-,22,11,22,6,10,6,13,70,18,11
2_?,15_???,0_??,2_Female,15_Niigata-ken,0_Total,"1,958","1,051",616,21,6,44,26,14,45,23,79,16,1,4,3,104,29,88,61,90,45,74,413,139,64
2_?,15_???,1_??????,2_Female,15_Niigata-ken,1_DIDs,908,538,330,9,1,22,15,5,27,16,42,4,-,3,1,49,17,50,28,49,29,36,232,78,33
2_?,15_???,2_????????,2_Female,15_Niigata-ken,2_Non-DIDs,"1,050",513,286,12,5,21,11,9,18,8,37,11,1,2,3,55,12,39,33,41,16,37,181,61,31
2_?,16_???,0_??,2_Female,16_Toyama-ken,0_Total,"2,017",488,306,15,7,19,12,8,34,18,34,12,2,2,3,61,15,38,32,47,26,45,216,52,34
2_?,16_???,1_??????,2_Female,16_Toyama-ken,1_DIDs,758,199,133,6,3,9,5,2,15,7,10,7,1,1,1,26,5,16,9,21,11,20,101,23,11
2_?,16_???,2_????????,2_Female,16_Toyama-ken,2_Non-DIDs,"1,259",289,174,9,4,10,7,6,19,11,24,5,1,1,2,35,10,23,23,26,14,25,115,30,22
2_?,17_???,0_??,2_Female,17_Ishikawa-ken,0_Total,"1,830",522,334,14,7,25,17,14,36,18,44,10,3,3,4,64,19,52,25,32,28,44,232,81,30
2_?,17_???,1_??????,2_Female,17_Ishikawa-ken,1_DIDs,856,275,180,8,4,11,6,6,18,8,21,6,1,0,1,34,11,31,13,15,15,19,127,48,18
2_?,17_???,2_????????,2_Female,17_Ishikawa-ken,2_Non-DIDs,974,247,154,6,3,14,11,8,18,10,23,5,2,2,3,29,8,22,13,17,13,25,105,34,12
2_?,18_???,0_??,2_Female,18_Fukui-ken,0_Total,"2,083",356,214,9,5,24,9,5,25,10,28,8,1,2,4,30,14,32,16,30,17,32,131,48,28
2_?,18_???,1_??????,2_Female,18_Fukui-ken,1_DIDs,895,169,102,4,2,9,5,2,14,5,12,6,1,1,1,13,5,15,7,16,10,15,64,23,13
2_?,18_???,2_????????,2_Female,18_Fukui-ken,2_Non-DIDs,"1,188",187,113,5,3,15,5,2,11,5,16,2,0,1,3,18,9,17,8,14,7,17,66,25,15
2_?,19_???,0_??,2_Female,19_Yamanashi-ken,0_Total,"1,670",379,242,12,4,18,13,7,18,13,32,9,2,2,5,35,13,34,14,36,15,27,162,46,26
2_?,19_???,1_??????,2_Female,19_Yamanashi-ken,1_DIDs,470,124,83,3,1,5,4,2,7,6,10,1,-,2,1,12,5,12,3,14,6,11,58,16,8
2_?,19_???,2_????????,2_Female,19_Yamanashi-ken,2_Non-DIDs,"1,200",256,159,8,3,13,9,5,12,7,22,8,2,1,4,23,8,21,11,22,9,16,105,30,18
2_?,20_???,0_??,2_Female,20_Nagano-ken,0_Total,"1,978",952,604,19,12,62,24,15,41,31,68,24,-,3,12,96,29,88,67,90,33,73,408,121,70
2_?,20_???,1_??????,2_Female,20_Nagano-ken,1_DIDs,698,373,239,8,6,24,13,7,19,13,31,8,-,1,2,52,8,38,31,42,19,30,164,55,34
2_?,20_???,2_????????,2_Female,20_Nagano-ken,2_Non-DIDs,"1,280",579,364,11,6,38,10,8,22,18,36,15,-,3,9,44,21,50,36,48,15,42,244,66,36
2_?,21_???,0_??,2_Female,21_Gifu-ken,0_Total,"2,023",931,576,27,14,51,28,15,49,36,62,24,1,4,9,95,34,77,32,86,43,63,378,110,50
2_?,21_???,1_??????,2_Female,21_Gifu-ken,1_DIDs,789,392,248,11,9,20,13,6,22,17,26,10,-,2,1,41,13,35,15,46,18,30,166,45,19
2_?,21_???,2_????????,2_Female,21_Gifu-ken,2_Non-DIDs,"1,234",539,328,16,6,31,15,9,26,19,36,14,1,2,8,54,21,42,18,39,25,33,212,65,31
2_?,22_???,0_??,2_Female,22_Shizuoka-ken,0_Total,"1,982","1,670","1,071",37,16,71,42,36,90,75,101,35,3,1,9,165,61,160,47,130,80,112,736,203,116
2_?,22_???,1_??????,2_Female,22_Shizuoka-ken,1_DIDs,"1,175","1,047",681,29,13,43,30,23,52,49,66,25,3,1,7,116,32,100,32,95,57,74,463,139,77
2_?,22_???,2_????????,2_Female,22_Shizuoka-ken,2_Non-DIDs,807,623,389,8,4,28,12,13,39,26,35,10,-,-,2,49,29,59,16,35,23,38,273,65,39
2_?,23_???,0_??,2_Female,23_Aichi-ken,0_Total,"3,194","3,335","2,232",108,56,178,128,85,267,153,270,109,4,12,20,473,149,399,151,280,205,300,"1,536",477,236
2_?,23_???,1_??????,2_Female,23_Aichi-ken,1_DIDs,"2,444","2,699","1,838",97,45,142,112,73,227,132,227,92,4,10,14,395,119,333,127,238,172,257,"1,279",398,197
2_?,23_???,2_????????,2_Female,23_Aichi-ken,2_Non-DIDs,750,636,394,11,11,36,15,12,40,21,43,17,-,2,7,78,30,66,25,41,33,43,257,80,38
2_?,24_???,0_??,2_Female,24_Mie-ken,0_Total,"1,813",826,510,19,13,44,23,16,50,43,54,20,3,1,5,93,25,73,22,57,30,60,333,100,54
2_?,24_???,1_??????,2_Female,24_Mie-ken,1_DIDs,743,358,232,7,4,21,9,8,25,22,24,11,2,0,1,39,10,33,9,31,16,27,144,48,25
2_?,24_???,2_????????,2_Female,24_Mie-ken,2_Non-DIDs,"1,070",468,278,12,9,22,15,8,25,21,30,9,0,1,4,54,16,41,13,26,14,33,189,52,29
2_?,25_???,0_??,2_Female,25_Shiga-ken,0_Total,"1,844",635,422,24,9,41,19,15,40,30,69,16,2,1,8,78,27,78,31,60,44,50,290,87,49
2_?,25_???,1_??????,2_Female,25_Shiga-ken,1_DIDs,855,344,242,15,6,24,10,10,27,20,44,7,2,-,4,46,18,49,19,38,31,30,168,52,25
2_?,25_???,2_????????,2_Female,25_Shiga-ken,2_Non-DIDs,989,291,180,9,3,17,8,5,13,11,25,8,1,1,4,33,9,29,11,22,13,19,122,35,24
2_?,26_???,0_??,2_Female,26_Kyoto-fu,0_Total,"1,642","1,221",811,36,23,66,35,30,79,58,98,27,5,2,10,145,58,117,40,134,85,98,550,167,89
2_?,26_???,1_??????,2_Female,26_Kyoto-fu,1_DIDs,"1,366","1,071",725,33,20,57,31,27,71,52,86,25,4,2,5,135,51,110,36,122,80,87,503,147,77
2_?,26_???,2_????????,2_Female,26_Kyoto-fu,2_Non-DIDs,276,150,86,3,3,9,3,3,9,6,11,2,1,0,5,10,7,6,4,12,5,12,47,21,12
2_?,27_???,0_??,2_Female,27_Osaka-fu,0_Total,"2,765","4,110","2,557",111,40,177,146,97,239,180,243,105,8,11,15,463,170,394,151,452,252,349,"1,727",508,269
2_?,27_???,1_??????,2_Female,27_Osaka-fu,1_DIDs,"2,633","3,979","2,482",110,40,170,142,97,229,177,237,103,8,11,15,449,163,382,145,438,246,336,"1,673",498,263
2_?,27_???,2_????????,2_Female,27_Osaka-fu,2_Non-DIDs,132,131,76,1,-,7,3,-,10,3,5,2,-,-,1,14,6,12,6,14,7,13,54,10,7
2_?,28_???,0_??,2_Female,28_Hyogo-ken,0_Total,"2,583","2,583","1,659",71,30,132,70,78,161,107,158,76,7,8,19,243,134,279,93,280,139,196,"1,168",338,199
2_?,28_???,1_??????,2_Female,28_Hyogo-ken,1_DIDs,"1,939","2,058","1,339",58,25,101,61,65,134,97,130,60,7,8,11,183,112,235,77,243,127,161,954,276,172
2_?,28_???,2_????????,2_Female,28_Hyogo-ken,2_Non-DIDs,644,525,320,13,5,31,9,13,27,10,28,16,-,1,8,60,22,44,16,37,12,35,214,62,27
2_?,29_???,0_??,2_Female,29_Nara-ken,0_Total,"1,841",642,417,18,7,31,17,14,33,35,54,17,1,2,3,59,20,72,20,83,35,43,294,83,41
2_?,29_???,1_??????,2_Female,29_Nara-ken,1_DIDs,"1,240",443,305,15,5,24,13,12,24,28,41,13,1,2,2,42,14,58,16,64,28,33,219,59,29
2_?,29_???,2_????????,2_Female,29_Nara-ken,2_Non-DIDs,601,199,112,2,2,7,4,2,8,7,13,3,-,-,1,17,7,14,4,19,8,11,75,23,11
2_?,30_????,0_??,2_Female,30_Wakayama-ken,0_Total,"1,750",450,264,7,6,23,8,4,19,19,24,8,2,1,2,33,15,34,6,20,16,30,187,46,26
2_?,30_????,1_??????,2_Female,30_Wakayama-ken,1_DIDs,639,177,103,2,2,7,2,1,5,5,7,5,1,0,0,9,6,11,2,6,7,11,78,19,14
2_?,30_????,2_????????,2_Female,30_Wakayama-ken,2_Non-DIDs,"1,111",273,161,4,4,16,5,3,14,14,16,4,1,1,2,24,9,23,4,13,9,19,109,27,13
2_?,31_???,0_??,2_Female,31_Tottori-ken,0_Total,"1,803",261,156,6,3,15,7,3,13,7,17,4,1,2,4,23,11,21,7,15,10,15,100,31,16
2_?,31_???,1_??????,2_Female,31_Tottori-ken,1_DIDs,578,101,63,2,1,4,3,1,4,3,7,2,0,1,1,10,5,8,3,7,6,7,40,12,7
2_?,31_???,2_????????,2_Female,31_Tottori-ken,2_Non-DIDs,"1,225",160,93,4,2,10,4,2,9,4,10,2,0,0,3,13,6,12,4,8,5,9,60,20,9
2_?,32_???,0_??,2_Female,32_Shimane-ken,0_Total,"1,953",315,177,5,2,19,11,5,13,11,21,3,1,1,4,26,13,18,6,18,8,19,116,34,19
2_?,32_???,1_??????,2_Female,32_Shimane-ken,1_DIDs,430,86,50,2,1,2,4,1,4,3,6,2,-,-,0,8,4,6,2,7,4,5,32,12,7
2_?,32_???,2_????????,2_Female,32_Shimane-ken,2_Non-DIDs,"1,523",228,127,4,1,17,7,4,8,8,14,2,1,1,3,18,10,12,5,10,4,13,84,22,12
2_?,33_???,0_??,2_Female,33_Okayama-ken,0_Total,"1,763",879,550,20,13,39,18,23,41,31,59,12,3,2,4,87,35,66,29,53,44,59,361,108,69
2_?,33_???,1_??????,2_Female,33_Okayama-ken,1_DIDs,763,440,285,10,7,21,8,11,22,17,25,8,-,-,-,46,18,34,13,33,23,31,180,54,43
2_?,33_???,2_????????,2_Female,33_Okayama-ken,2_Non-DIDs,"1,000",439,264,10,5,18,9,12,19,15,34,4,3,2,4,41,18,32,16,20,20,28,180,54,27
2_?,34_???,0_??,2_Female,34_Hiroshima-ken,0_Total,"1,864","1,292",785,30,12,68,28,25,71,53,88,26,2,5,8,128,59,104,26,71,67,82,538,159,86
2_?,34_???,1_??????,2_Female,34_Hiroshima-ken,1_DIDs,"1,125",848,538,21,8,46,21,19,50,40,61,19,2,2,4,95,41,72,15,51,53,60,374,110,59
2_?,34_???,2_????????,2_Female,34_Hiroshima-ken,2_Non-DIDs,739,444,247,9,4,22,7,6,21,14,27,7,1,3,4,32,18,31,12,20,15,22,164,49,26
2_?,35_???,0_??,2_Female,35_Yamaguchi-ken,0_Total,"1,758",646,389,17,6,43,21,13,36,23,46,11,3,3,1,68,31,46,12,40,28,54,279,75,34
2_?,35_???,1_??????,2_Female,35_Yamaguchi-ken,1_DIDs,872,341,210,12,4,25,13,9,22,13,28,6,2,2,-,40,15,24,8,25,18,30,152,43,17
2_?,35_???,2_????????,2_Female,35_Yamaguchi-ken,2_Non-DIDs,886,305,179,5,1,18,8,4,14,10,17,5,2,0,1,28,16,22,5,15,10,24,127,32,16
2_?,36_???,0_??,2_Female,36_Tokushima-ken,0_Total,"1,651",347,212,11,3,18,10,8,18,14,24,5,1,1,1,34,10,26,6,16,16,24,158,39,18
2_?,36_???,1_??????,2_Female,36_Tokushima-ken,1_DIDs,491,127,81,4,1,6,4,3,7,5,8,1,-,0,0,16,3,14,4,7,7,12,63,17,7
2_?,36_???,2_????????,2_Female,36_Tokushima-ken,2_Non-DIDs,"1,160",220,131,7,2,13,6,5,11,9,16,4,1,1,1,18,6,13,3,9,9,13,95,22,11
2_?,37_???,0_??,2_Female,37_Kagawa-ken,0_Total,"1,828",443,270,10,5,24,12,11,26,15,32,6,1,2,2,36,16,41,8,30,23,29,197,61,27
2_?,37_???,1_??????,2_Female,37_Kagawa-ken,1_DIDs,547,154,100,3,2,8,5,5,10,8,14,3,0,0,0,16,8,19,2,12,9,11,70,22,9
2_?,37_???,2_????????,2_Female,37_Kagawa-ken,2_Non-DIDs,"1,281",289,170,7,3,16,7,6,16,7,18,4,0,2,2,20,9,21,5,18,14,18,127,40,17
2_?,38_???,0_??,2_Female,38_Ehime-ken,0_Total,"1,601",642,398,11,10,52,22,14,34,25,36,8,2,4,6,51,23,57,12,29,29,46,280,81,25
2_?,38_???,1_??????,2_Female,38_Ehime-ken,1_DIDs,870,378,245,8,4,27,14,9,26,16,23,5,2,2,2,36,15,36,8,20,23,28,171,54,18
2_?,38_???,2_????????,2_Female,38_Ehime-ken,2_Non-DIDs,731,265,153,3,6,26,8,4,7,8,13,3,0,2,4,15,9,20,3,9,6,18,109,27,8
2_?,39_???,0_??,2_Female,39_Kochi-ken,0_Total,"1,656",336,197,5,1,17,5,4,14,7,19,3,1,1,1,23,15,27,3,15,12,21,137,35,17
2_?,39_???,1_??????,2_Female,39_Kochi-ken,1_DIDs,703,155,97,3,1,8,3,2,7,5,10,2,1,1,0,14,9,16,1,8,7,10,66,20,9
2_?,39_???,2_????????,2_Female,39_Kochi-ken,2_Non-DIDs,953,181,100,2,0,9,3,2,7,2,9,0,-,0,0,9,7,11,2,7,5,12,71,15,8
2_?,40_???,0_??,2_Female,40_Fukuoka-ken,0_Total,"2,355","2,365","1,467",64,25,122,62,36,88,82,134,46,4,3,19,271,84,179,26,153,148,174,"1,050",293,137
2_?,40_???,1_??????,2_Female,40_Fukuoka-ken,1_DIDs,"1,663","1,793","1,149",53,23,104,51,32,72,69,112,36,3,1,10,205,71,148,24,122,119,147,823,219,114
2_?,40_???,2_????????,2_Female,40_Fukuoka-ken,2_Non-DIDs,692,572,318,11,2,17,11,4,16,13,22,10,1,2,9,66,14,30,3,30,30,27,228,74,23
2_?,41_???,0_??,2_Female,41_Saga-ken,0_Total,"1,961",379,225,10,7,31,13,11,21,14,29,7,1,2,4,38,17,25,3,13,18,30,156,46,22
2_?,41_???,1_??????,2_Female,41_Saga-ken,1_DIDs,505,123,78,4,4,8,6,5,9,7,11,3,0,1,2,10,4,15,1,4,10,10,55,17,9
2_?,41_???,2_????????,2_Female,41_Saga-ken,2_Non-DIDs,"1,456",256,147,7,3,22,7,6,11,7,18,4,0,1,3,27,13,10,2,9,8,20,100,29,13
2_?,42_???,0_??,2_Female,42_Nagasaki-ken,0_Total,"1,876",633,374,10,9,47,18,6,27,21,41,8,2,3,10,59,28,46,4,32,14,46,242,71,37
2_?,42_???,1_??????,2_Female,42_Nagasaki-ken,1_DIDs,867,321,197,5,3,20,10,4,14,11,20,4,-,2,3,30,13,27,1,20,6,20,129,39,20
2_?,42_???,2_????????,2_Female,42_Nagasaki-ken,2_Non-DIDs,"1,009",312,177,4,6,27,8,2,14,10,21,4,2,2,6,28,15,19,3,12,7,26,113,31,17
2_?,43_???,0_??,2_Female,43_Kumamoto-ken,0_Total,"1,711",818,507,16,8,47,24,11,32,24,47,11,2,2,12,85,44,67,6,45,35,67,350,106,60
2_?,43_???,1_??????,2_Female,43_Kumamoto-ken,1_DIDs,763,428,285,10,6,23,9,6,21,14,26,6,2,1,3,50,24,44,5,32,26,37,202,66,34
2_?,43_???,2_????????,2_Female,43_Kumamoto-ken,2_Non-DIDs,948,390,222,6,2,23,15,6,12,9,21,5,0,2,9,35,20,23,1,13,10,30,148,40,26
2_?,44_???,0_??,2_Female,44_Oita-ken,0_Total,"1,727",535,332,13,8,35,19,15,33,18,36,10,2,2,5,57,25,44,8,27,19,40,240,74,35
2_?,44_???,1_??????,2_Female,44_Oita-ken,1_DIDs,808,276,177,6,3,13,11,7,18,8,21,6,1,1,2,34,14,27,5,15,13,22,127,39,18
2_?,44_???,2_????????,2_Female,44_Oita-ken,2_Non-DIDs,919,259,155,7,4,22,8,8,15,9,15,4,1,0,3,23,11,16,3,12,6,17,112,35,17
2_?,45_???,0_??,2_Female,45_Miyazaki-ken,0_Total,"1,642",506,302,13,5,47,14,10,22,22,30,12,1,1,5,47,22,34,5,26,17,39,215,59,27
2_?,45_???,1_??????,2_Female,45_Miyazaki-ken,1_DIDs,756,255,155,5,2,20,8,7,15,12,18,5,1,1,2,26,9,16,2,13,11,20,115,33,9
2_?,45_???,2_????????,2_Female,45_Miyazaki-ken,2_Non-DIDs,886,250,147,8,3,27,6,4,6,10,11,6,1,1,3,21,13,18,3,14,6,20,99,26,18
2_?,46_????,0_??,2_Female,46_Kagoshima-ken,0_Total,"1,695",755,479,15,15,68,30,18,44,29,53,17,3,3,18,64,36,61,1,29,26,54,323,83,53
2_?,46_????,1_??????,2_Female,46_Kagoshima-ken,1_DIDs,701,330,223,7,6,25,14,9,22,14,21,10,2,2,2,31,20,33,1,14,15,27,155,41,25
2_?,46_????,2_????????,2_Female,46_Kagoshima-ken,2_Non-DIDs,994,425,257,8,9,43,16,9,22,15,32,7,1,1,16,32,16,27,1,15,11,27,168,42,28
2_?,47_???,0_??,2_Female,47_Okinawa-ken,0_Total,"1,592",627,389,18,9,38,25,14,27,21,41,12,1,-,8,99,26,64,2,17,19,56,260,92,46
2_?,47_???,1_??????,2_Female,47_Okinawa-ken,1_DIDs,"1,116",439,269,13,8,28,20,12,22,11,30,10,1,-,4,75,17,45,2,11,13,40,174,67,31
2_?,47_???,2_????????,2_Female,47_Okinawa-ken,2_Non-DIDs,476,189,120,5,2,11,5,3,4,10,11,3,-,-,4,24,10,18,-,7,6,16,87,25,15
